Series ID,Value defined,Year,Period,Label,Value
LNU00075409,"Population - With no disability, Men",2010,A01,2010 Annual,103027
LNU00075409,"Population - With no disability, Men",2011,A01,2011 Annual,103684
LNU00075409,"Population - With no disability, Men",2012,A01,2012 Annual,104415
LNU00075409,"Population - With no disability, Men",2013,A01,2013 Annual,105310
LNU00075409,"Population - With no disability, Men",2014,A01,2014 Annual,106168
LNU00075409,"Population - With no disability, Men",2015,A01,2015 Annual,107362
LNU00075409,"Population - With no disability, Men",2016,A01,2016 Annual,108599
LNU00075409,"Population - With no disability, Men",2017,A01,2017 Annual,109135
LNU00075409,"Population - With no disability, Men",2018,A01,2018 Annual,110681
LNU00075409,"Population - With no disability, Men",2019,A01,2019 Annual,111170
LNU00075409,"Population - With a disability, Men",2020,A01,2020 Annual,111883
LNU00075630,"Population - With a disability, Men",2010,A01,2010 Annual,12147
LNU00075630,"Population - With a disability, Men",2011,A01,2011 Annual,12633
LNU00075630,"Population - With a disability, Men",2012,A01,2012 Annual,12929
LNU00075630,"Population - With a disability, Men",2013,A01,2013 Annual,13246
LNU00075630,"Population - With a disability, Men",2014,A01,2014 Annual,13580
LNU00075630,"Population - With a disability, Men",2015,A01,2015 Annual,13739
LNU00075630,"Population - With a disability, Men",2016,A01,2016 Annual,13898
LNU00075630,"Population - With a disability, Men",2017,A01,2017 Annual,14140
LNU00075630,"Population - With a disability, Men",2018,A01,2018 Annual,13997
LNU00075630,"Population - With a disability, Men",2019,A01,2019 Annual,14184
LNU00075630,"Civilian labor force - With no disability, Men",2020,A01,2020 Annual,14039
LNU01075409,"Civilian labor force - With no disability, Men",2010,A01,2010 Annual,78842
LNU01075409,"Civilian labor force - With no disability, Men",2011,A01,2011 Annual,78823
LNU01075409,"Civilian labor force - With no disability, Men",2012,A01,2012 Annual,79137
LNU01075409,"Civilian labor force - With no disability, Men",2013,A01,2013 Annual,79484
LNU01075409,"Civilian labor force - With no disability, Men",2014,A01,2014 Annual,79775
LNU01075409,"Civilian labor force - With no disability, Men",2015,A01,2015 Annual,80486
LNU01075409,"Civilian labor force - With no disability, Men",2016,A01,2016 Annual,81459
LNU01075409,"Civilian labor force - With no disability, Men",2017,A01,2017 Annual,81725
LNU01075409,"Civilian labor force - With no disability, Men",2018,A01,2018 Annual,82707
LNU01075409,"Civilian labor force - With no disability, Men",2019,A01,2019 Annual,83244
LNU01075409,"Civilian labor force - With a disability, Men",2020,A01,2020 Annual,81859
LNU01075630,"Civilian labor force - With a disability, Men",2010,A01,2010 Annual,3142
LNU01075630,"Civilian labor force - With a disability, Men",2011,A01,2011 Annual,3152
LNU01075630,"Civilian labor force - With a disability, Men",2012,A01,2012 Annual,3190
LNU01075630,"Civilian labor force - With a disability, Men",2013,A01,2013 Annual,3183
LNU01075630,"Civilian labor force - With a disability, Men",2014,A01,2014 Annual,3108
LNU01075630,"Civilian labor force - With a disability, Men",2015,A01,2015 Annual,3134
LNU01075630,"Civilian labor force - With a disability, Men",2016,A01,2016 Annual,3295
LNU01075630,"Civilian labor force - With a disability, Men",2017,A01,2017 Annual,3420
LNU01075630,"Civilian labor force - With a disability, Men",2018,A01,2018 Annual,3389
LNU01075630,"Civilian labor force - With a disability, Men",2019,A01,2019 Annual,3442
LNU01075630,"Civilian labor force - With a disability, Men",2020,A01,2020 Annual,3345
LNU02075359,"Employed - With no disability, 25 to 34 years",2010,A01,2010 Annual,29693
LNU02075359,"Employed - With no disability, 25 to 34 years",2011,A01,2011 Annual,29958
LNU02075359,"Employed - With no disability, 25 to 34 years",2012,A01,2012 Annual,30127
LNU02075359,"Employed - With no disability, 25 to 34 years",2013,A01,2013 Annual,30610
LNU02075359,"Employed - With no disability, 25 to 34 years",2014,A01,2014 Annual,31353
LNU02075359,"Employed - With no disability, 25 to 34 years",2015,A01,2015 Annual,32103
LNU02075359,"Employed - With no disability, 25 to 34 years",2016,A01,2016 Annual,33065
LNU02075359,"Employed - With no disability, 25 to 34 years",2017,A01,2017 Annual,33690
LNU02075359,"Employed - With no disability, 25 to 34 years",2018,A01,2018 Annual,34496
LNU02075359,"Employed - With no disability, 25 to 34 years",2019,A01,2019 Annual,34942
LNU02075359,"Employed - With no disability, 25 to 34 years",2020,A01,2020 Annual,32607
LNU02075580,"Employed - With a disability, 25 to 34 years",2010,A01,2010 Annual,535
LNU02075580,"Employed - With a disability, 25 to 34 years",2011,A01,2011 Annual,579
LNU02075580,"Employed - With a disability, 25 to 34 years",2012,A01,2012 Annual,574
LNU02075580,"Employed - With a disability, 25 to 34 years",2013,A01,2013 Annual,632
LNU02075580,"Employed - With a disability, 25 to 34 years",2014,A01,2014 Annual,622
LNU02075580,"Employed - With a disability, 25 to 34 years",2015,A01,2015 Annual,639
LNU02075580,"Employed - With a disability, 25 to 34 years",2016,A01,2016 Annual,657
LNU02075580,"Employed - With a disability, 25 to 34 years",2017,A01,2017 Annual,749
LNU02075580,"Employed - With a disability, 25 to 34 years",2018,A01,2018 Annual,828
LNU02075580,"Employed - With a disability, 25 to 34 years",2019,A01,2019 Annual,866
LNU02075580,"Employed - With a disability, 25 to 34 years",2020,A01,2020 Annual,819
LNU02075630,"Employed - With a disability, Men",2010,A01,2010 Annual,2665
LNU02075630,"Employed - With a disability, Men",2011,A01,2011 Annual,2670
LNU02075630,"Employed - With a disability, Men",2012,A01,2012 Annual,2770
LNU02075630,"Employed - With a disability, Men",2013,A01,2013 Annual,2768
LNU02075630,"Employed - With a disability, Men",2014,A01,2014 Annual,2719
LNU02075630,"Employed - With a disability, Men",2015,A01,2015 Annual,2803
LNU02075630,"Employed - With a disability, Men",2016,A01,2016 Annual,2961
LNU02075630,"Employed - With a disability, Men",2017,A01,2017 Annual,3111
LNU02075630,"Employed - With a disability, Men",2018,A01,2018 Annual,3122
LNU02075630,"Employed - With a disability, Men",2019,A01,2019 Annual,3189
LNU02075630,"Employed - With a disability, Men",2020,A01,2020 Annual,2943
LNU02076940,"Employed - With no disability, 16 to 64 years, Men",2010,M01,2010 Jan,65649
LNU02076940,"Employed - With no disability, 16 to 64 years, Men",2010,M02,2010 Feb,65913
LNU02076940,"Employed - With no disability, 16 to 64 years, Men",2010,M03,2010 Mar,66499
LNU02076940,"Employed - With no disability, 16 to 64 years, Men",2010,M04,2010 Apr,67665
LNU02076940,"Employed - With no disability, 16 to 64 years, Men",2010,M05,2010 May,68019
LNU02076940,"Employed - With no disability, 16 to 64 years, Men",2010,M06,2010 Jun,68508
LNU02076940,"Employed - With no disability, 16 to 64 years, Men",2010,M07,2010 Jul,69198
LNU02076940,"Employed - With no disability, 16 to 64 years, Men",2010,M08,2010 Aug,68885
LNU02076940,"Employed - With no disability, 16 to 64 years, Men",2010,M09,2010 Sep,68236
LNU02076940,"Employed - With no disability, 16 to 64 years, Men",2010,M10,2010 Oct,68269
LNU02076940,"Employed - With no disability, 16 to 64 years, Men",2010,M11,2010 Nov,67834
LNU02076940,"Employed - With no disability, 16 to 64 years, Men",2010,M12,2010 Dec,67517
LNU02076940,"Employed - With no disability, 16 to 64 years, Men",2011,M01,2011 Jan,66669
LNU02076940,"Employed - With no disability, 16 to 64 years, Men",2011,M02,2011 Feb,67091
LNU02076940,"Employed - With no disability, 16 to 64 years, Men",2011,M03,2011 Mar,67376
LNU02076940,"Employed - With no disability, 16 to 64 years, Men",2011,M04,2011 Apr,67901
LNU02076940,"Employed - With no disability, 16 to 64 years, Men",2011,M05,2011 May,68474
LNU02076940,"Employed - With no disability, 16 to 64 years, Men",2011,M06,2011 Jun,68873
LNU02076940,"Employed - With no disability, 16 to 64 years, Men",2011,M07,2011 Jul,69266
LNU02076940,"Employed - With no disability, 16 to 64 years, Men",2011,M08,2011 Aug,69215
LNU02076940,"Employed - With no disability, 16 to 64 years, Men",2011,M09,2011 Sep,68879
LNU02076940,"Employed - With no disability, 16 to 64 years, Men",2011,M10,2011 Oct,68806
LNU02076940,"Employed - With no disability, 16 to 64 years, Men",2011,M11,2011 Nov,69099
LNU02076940,"Employed - With no disability, 16 to 64 years, Men",2011,M12,2011 Dec,68793
LNU02076940,"Employed - With no disability, 16 to 64 years, Men",2012,M01,2012 Jan,67803
LNU02076940,"Employed - With no disability, 16 to 64 years, Men",2012,M02,2012 Feb,68058
LNU02076940,"Employed - With no disability, 16 to 64 years, Men",2012,M03,2012 Mar,68374
LNU02076940,"Employed - With no disability, 16 to 64 years, Men",2012,M04,2012 Apr,68876
LNU02076940,"Employed - With no disability, 16 to 64 years, Men",2012,M05,2012 May,69344
LNU02076940,"Employed - With no disability, 16 to 64 years, Men",2012,M06,2012 Jun,70073
LNU02076940,"Employed - With no disability, 16 to 64 years, Men",2012,M07,2012 Jul,70401
LNU02076940,"Employed - With no disability, 16 to 64 years, Men",2012,M08,2012 Aug,69714
LNU02076940,"Employed - With no disability, 16 to 64 years, Men",2012,M09,2012 Sep,69632
LNU02076940,"Employed - With no disability, 16 to 64 years, Men",2012,M10,2012 Oct,69977
LNU02076940,"Employed - With no disability, 16 to 64 years, Men",2012,M11,2012 Nov,69526
LNU02076940,"Employed - With no disability, 16 to 64 years, Men",2012,M12,2012 Dec,69228
LNU02076940,"Employed - With no disability, 16 to 64 years, Men",2013,M01,2013 Jan,68374
LNU02076940,"Employed - With no disability, 16 to 64 years, Men",2013,M02,2013 Feb,68591
LNU02076940,"Employed - With no disability, 16 to 64 years, Men",2013,M03,2013 Mar,69024
LNU02076940,"Employed - With no disability, 16 to 64 years, Men",2013,M04,2013 Apr,69465
LNU02076940,"Employed - With no disability, 16 to 64 years, Men",2013,M05,2013 May,70039
LNU02076940,"Employed - With no disability, 16 to 64 years, Men",2013,M06,2013 Jun,70795
LNU02076940,"Employed - With no disability, 16 to 64 years, Men",2013,M07,2013 Jul,71084
LNU02076940,"Employed - With no disability, 16 to 64 years, Men",2013,M08,2013 Aug,70492
LNU02076940,"Employed - With no disability, 16 to 64 years, Men",2013,M09,2013 Sep,70135
LNU02076940,"Employed - With no disability, 16 to 64 years, Men",2013,M10,2013 Oct,70044
LNU02076940,"Employed - With no disability, 16 to 64 years, Men",2013,M11,2013 Nov,70300
LNU02076940,"Employed - With no disability, 16 to 64 years, Men",2013,M12,2013 Dec,70170
LNU02076940,"Employed - With no disability, 16 to 64 years, Men",2014,M01,2014 Jan,69407
LNU02076940,"Employed - With no disability, 16 to 64 years, Men",2014,M02,2014 Feb,69248
LNU02076940,"Employed - With no disability, 16 to 64 years, Men",2014,M03,2014 Mar,70336
LNU02076940,"Employed - With no disability, 16 to 64 years, Men",2014,M04,2014 Apr,70562
LNU02076940,"Employed - With no disability, 16 to 64 years, Men",2014,M05,2014 May,71039
LNU02076940,"Employed - With no disability, 16 to 64 years, Men",2014,M06,2014 Jun,72072
LNU02076940,"Employed - With no disability, 16 to 64 years, Men",2014,M07,2014 Jul,72573
LNU02076940,"Employed - With no disability, 16 to 64 years, Men",2014,M08,2014 Aug,71955
LNU02076940,"Employed - With no disability, 16 to 64 years, Men",2014,M09,2014 Sep,71705
LNU02076940,"Employed - With no disability, 16 to 64 years, Men",2014,M10,2014 Oct,71975
LNU02076940,"Employed - With no disability, 16 to 64 years, Men",2014,M11,2014 Nov,71594
LNU02076940,"Employed - With no disability, 16 to 64 years, Men",2014,M12,2014 Dec,71263
LNU02076940,"Employed - With no disability, 16 to 64 years, Men",2015,M01,2015 Jan,70856
LNU02076940,"Employed - With no disability, 16 to 64 years, Men",2015,M02,2015 Feb,71047
LNU02076940,"Employed - With no disability, 16 to 64 years, Men",2015,M03,2015 Mar,71365
LNU02076940,"Employed - With no disability, 16 to 64 years, Men",2015,M04,2015 Apr,72124
LNU02076940,"Employed - With no disability, 16 to 64 years, Men",2015,M05,2015 May,72387
LNU02076940,"Employed - With no disability, 16 to 64 years, Men",2015,M06,2015 Jun,72819
LNU02076940,"Employed - With no disability, 16 to 64 years, Men",2015,M07,2015 Jul,73405
LNU02076940,"Employed - With no disability, 16 to 64 years, Men",2015,M08,2015 Aug,72974
LNU02076940,"Employed - With no disability, 16 to 64 years, Men",2015,M09,2015 Sep,72483
LNU02076940,"Employed - With no disability, 16 to 64 years, Men",2015,M10,2015 Oct,72574
LNU02076940,"Employed - With no disability, 16 to 64 years, Men",2015,M11,2015 Nov,72357
LNU02076940,"Employed - With no disability, 16 to 64 years, Men",2015,M12,2015 Dec,72342
LNU02076940,"Employed - With no disability, 16 to 64 years, Men",2016,M01,2016 Jan,72084
LNU02076940,"Employed - With no disability, 16 to 64 years, Men",2016,M02,2016 Feb,72490
LNU02076940,"Employed - With no disability, 16 to 64 years, Men",2016,M03,2016 Mar,72689
LNU02076940,"Employed - With no disability, 16 to 64 years, Men",2016,M04,2016 Apr,72923
LNU02076940,"Employed - With no disability, 16 to 64 years, Men",2016,M05,2016 May,73169
LNU02076940,"Employed - With no disability, 16 to 64 years, Men",2016,M06,2016 Jun,73989
LNU02076940,"Employed - With no disability, 16 to 64 years, Men",2016,M07,2016 Jul,74231
LNU02076940,"Employed - With no disability, 16 to 64 years, Men",2016,M08,2016 Aug,73900
LNU02076940,"Employed - With no disability, 16 to 64 years, Men",2016,M09,2016 Sep,73513
LNU02076940,"Employed - With no disability, 16 to 64 years, Men",2016,M10,2016 Oct,73511
LNU02076940,"Employed - With no disability, 16 to 64 years, Men",2016,M11,2016 Nov,73493
LNU02076940,"Employed - With no disability, 16 to 64 years, Men",2016,M12,2016 Dec,73182
LNU02076940,"Employed - With no disability, 16 to 64 years, Men",2017,M01,2017 Jan,72724
LNU02076940,"Employed - With no disability, 16 to 64 years, Men",2017,M02,2017 Feb,72812
LNU02076940,"Employed - With no disability, 16 to 64 years, Men",2017,M03,2017 Mar,73011
LNU02076940,"Employed - With no disability, 16 to 64 years, Men",2017,M04,2017 Apr,73794
LNU02076940,"Employed - With no disability, 16 to 64 years, Men",2017,M05,2017 May,73958
LNU02076940,"Employed - With no disability, 16 to 64 years, Men",2017,M06,2017 Jun,74651
LNU02076940,"Employed - With no disability, 16 to 64 years, Men",2017,M07,2017 Jul,74842
LNU02076940,"Employed - With no disability, 16 to 64 years, Men",2017,M08,2017 Aug,74271
LNU02076940,"Employed - With no disability, 16 to 64 years, Men",2017,M09,2017 Sep,74141
LNU02076940,"Employed - With no disability, 16 to 64 years, Men",2017,M10,2017 Oct,74130
LNU02076940,"Employed - With no disability, 16 to 64 years, Men",2017,M11,2017 Nov,73867
LNU02076940,"Employed - With no disability, 16 to 64 years, Men",2017,M12,2017 Dec,73748
LNU02076940,"Employed - With no disability, 16 to 64 years, Men",2018,M01,2018 Jan,73686
LNU02076940,"Employed - With no disability, 16 to 64 years, Men",2018,M02,2018 Feb,74217
LNU02076940,"Employed - With no disability, 16 to 64 years, Men",2018,M03,2018 Mar,74254
LNU02076940,"Employed - With no disability, 16 to 64 years, Men",2018,M04,2018 Apr,74799
LNU02076940,"Employed - With no disability, 16 to 64 years, Men",2018,M05,2018 May,75311
LNU02076940,"Employed - With no disability, 16 to 64 years, Men",2018,M06,2018 Jun,75670
LNU02076940,"Employed - With no disability, 16 to 64 years, Men",2018,M07,2018 Jul,76101
LNU02076940,"Employed - With no disability, 16 to 64 years, Men",2018,M08,2018 Aug,75207
LNU02076940,"Employed - With no disability, 16 to 64 years, Men",2018,M09,2018 Sep,74717
LNU02076940,"Employed - With no disability, 16 to 64 years, Men",2018,M10,2018 Oct,75067
LNU02076940,"Employed - With no disability, 16 to 64 years, Men",2018,M11,2018 Nov,75127
LNU02076940,"Employed - With no disability, 16 to 64 years, Men",2018,M12,2018 Dec,74570
LNU02076940,"Employed - With no disability, 16 to 64 years, Men",2019,M01,2019 Jan,74014
LNU02076940,"Employed - With no disability, 16 to 64 years, Men",2019,M02,2019 Feb,74302
LNU02076940,"Employed - With no disability, 16 to 64 years, Men",2019,M03,2019 Mar,74535
LNU02076940,"Employed - With no disability, 16 to 64 years, Men",2019,M04,2019 Apr,74947
LNU02076940,"Employed - With no disability, 16 to 64 years, Men",2019,M05,2019 May,75323
LNU02076940,"Employed - With no disability, 16 to 64 years, Men",2019,M06,2019 Jun,76086
LNU02076940,"Employed - With no disability, 16 to 64 years, Men",2019,M07,2019 Jul,76526
LNU02076940,"Employed - With no disability, 16 to 64 years, Men",2019,M08,2019 Aug,75717
LNU02076940,"Employed - With no disability, 16 to 64 years, Men",2019,M09,2019 Sep,75564
LNU02076940,"Employed - With no disability, 16 to 64 years, Men",2019,M10,2019 Oct,75558
LNU02076940,"Employed - With no disability, 16 to 64 years, Men",2019,M11,2019 Nov,75411
LNU02076940,"Employed - With no disability, 16 to 64 years, Men",2019,M12,2019 Dec,75176
LNU02076940,"Employed - With no disability, 16 to 64 years, Men",2020,M01,2020 Jan,74462
LNU02076940,"Employed - With no disability, 16 to 64 years, Men",2020,M02,2020 Feb,74654
LNU02076940,"Employed - With no disability, 16 to 64 years, Men",2020,M03,2020 Mar,73756
LNU02076940,"Employed - With no disability, 16 to 64 years, Men",2020,M04,2020 Apr,64877
LNU02076940,"Employed - With no disability, 16 to 64 years, Men",2020,M05,2020 May,66766
LNU02076940,"Employed - With no disability, 16 to 64 years, Men",2020,M06,2020 Jun,68941
LNU02076940,"Employed - With no disability, 16 to 64 years, Men",2020,M07,2020 Jul,69751
LNU02076940,"Employed - With no disability, 16 to 64 years, Men",2020,M08,2020 Aug,71015
LNU02076940,"Employed - With no disability, 16 to 64 years, Men",2020,M09,2020 Sep,70944
LNU02076940,"Employed - With no disability, 16 to 64 years, Men",2020,M10,2020 Oct,71822
LNU02076940,"Employed - With no disability, 16 to 64 years, Men",2020,M11,2020 Nov,71246
LNU02076940,"Employed - With no disability, 16 to 64 years, Men",2020,M12,2020 Dec,71108
LNU02076955,"Employed - With a disability, 16 to 64 years, Men",2010,M01,2010 Jan,2208
LNU02076955,"Employed - With a disability, 16 to 64 years, Men",2010,M02,2010 Feb,2294
LNU02076955,"Employed - With a disability, 16 to 64 years, Men",2010,M03,2010 Mar,2363
LNU02076955,"Employed - With a disability, 16 to 64 years, Men",2010,M04,2010 Apr,2258
LNU02076955,"Employed - With a disability, 16 to 64 years, Men",2010,M05,2010 May,2282
LNU02076955,"Employed - With a disability, 16 to 64 years, Men",2010,M06,2010 Jun,2218
LNU02076955,"Employed - With a disability, 16 to 64 years, Men",2010,M07,2010 Jul,2167
LNU02076955,"Employed - With a disability, 16 to 64 years, Men",2010,M08,2010 Aug,2243
LNU02076955,"Employed - With a disability, 16 to 64 years, Men",2010,M09,2010 Sep,2198
LNU02076955,"Employed - With a disability, 16 to 64 years, Men",2010,M10,2010 Oct,2204
LNU02076955,"Employed - With a disability, 16 to 64 years, Men",2010,M11,2010 Nov,2226
LNU02076955,"Employed - With a disability, 16 to 64 years, Men",2010,M12,2010 Dec,2190
LNU02076955,"Employed - With a disability, 16 to 64 years, Men",2011,M01,2011 Jan,2106
LNU02076955,"Employed - With a disability, 16 to 64 years, Men",2011,M02,2011 Feb,2085
LNU02076955,"Employed - With a disability, 16 to 64 years, Men",2011,M03,2011 Mar,2196
LNU02076955,"Employed - With a disability, 16 to 64 years, Men",2011,M04,2011 Apr,2172
LNU02076955,"Employed - With a disability, 16 to 64 years, Men",2011,M05,2011 May,2218
LNU02076955,"Employed - With a disability, 16 to 64 years, Men",2011,M06,2011 Jun,2252
LNU02076955,"Employed - With a disability, 16 to 64 years, Men",2011,M07,2011 Jul,2215
LNU02076955,"Employed - With a disability, 16 to 64 years, Men",2011,M08,2011 Aug,2253
LNU02076955,"Employed - With a disability, 16 to 64 years, Men",2011,M09,2011 Sep,2135
LNU02076955,"Employed - With a disability, 16 to 64 years, Men",2011,M10,2011 Oct,2262
LNU02076955,"Employed - With a disability, 16 to 64 years, Men",2011,M11,2011 Nov,2223
LNU02076955,"Employed - With a disability, 16 to 64 years, Men",2011,M12,2011 Dec,2165
LNU02076955,"Employed - With a disability, 16 to 64 years, Men",2012,M01,2012 Jan,2103
LNU02076955,"Employed - With a disability, 16 to 64 years, Men",2012,M02,2012 Feb,2006
LNU02076955,"Employed - With a disability, 16 to 64 years, Men",2012,M03,2012 Mar,2073
LNU02076955,"Employed - With a disability, 16 to 64 years, Men",2012,M04,2012 Apr,2163
LNU02076955,"Employed - With a disability, 16 to 64 years, Men",2012,M05,2012 May,2225
LNU02076955,"Employed - With a disability, 16 to 64 years, Men",2012,M06,2012 Jun,2215
LNU02076955,"Employed - With a disability, 16 to 64 years, Men",2012,M07,2012 Jul,2289
LNU02076955,"Employed - With a disability, 16 to 64 years, Men",2012,M08,2012 Aug,2326
LNU02076955,"Employed - With a disability, 16 to 64 years, Men",2012,M09,2012 Sep,2327
LNU02076955,"Employed - With a disability, 16 to 64 years, Men",2012,M10,2012 Oct,2349
LNU02076955,"Employed - With a disability, 16 to 64 years, Men",2012,M11,2012 Nov,2353
LNU02076955,"Employed - With a disability, 16 to 64 years, Men",2012,M12,2012 Dec,2308
LNU02076955,"Employed - With a disability, 16 to 64 years, Men",2013,M01,2013 Jan,2322
LNU02076955,"Employed - With a disability, 16 to 64 years, Men",2013,M02,2013 Feb,2365
LNU02076955,"Employed - With a disability, 16 to 64 years, Men",2013,M03,2013 Mar,2290
LNU02076955,"Employed - With a disability, 16 to 64 years, Men",2013,M04,2013 Apr,2312
LNU02076955,"Employed - With a disability, 16 to 64 years, Men",2013,M05,2013 May,2216
LNU02076955,"Employed - With a disability, 16 to 64 years, Men",2013,M06,2013 Jun,2204
LNU02076955,"Employed - With a disability, 16 to 64 years, Men",2013,M07,2013 Jul,2240
LNU02076955,"Employed - With a disability, 16 to 64 years, Men",2013,M08,2013 Aug,2170
LNU02076955,"Employed - With a disability, 16 to 64 years, Men",2013,M09,2013 Sep,2330
LNU02076955,"Employed - With a disability, 16 to 64 years, Men",2013,M10,2013 Oct,2115
LNU02076955,"Employed - With a disability, 16 to 64 years, Men",2013,M11,2013 Nov,2110
LNU02076955,"Employed - With a disability, 16 to 64 years, Men",2013,M12,2013 Dec,1960
LNU02076955,"Employed - With a disability, 16 to 64 years, Men",2014,M01,2014 Jan,1903
LNU02076955,"Employed - With a disability, 16 to 64 years, Men",2014,M02,2014 Feb,2042
LNU02076955,"Employed - With a disability, 16 to 64 years, Men",2014,M03,2014 Mar,2095
LNU02076955,"Employed - With a disability, 16 to 64 years, Men",2014,M04,2014 Apr,2128
LNU02076955,"Employed - With a disability, 16 to 64 years, Men",2014,M05,2014 May,2175
LNU02076955,"Employed - With a disability, 16 to 64 years, Men",2014,M06,2014 Jun,2140
LNU02076955,"Employed - With a disability, 16 to 64 years, Men",2014,M07,2014 Jul,2222
LNU02076955,"Employed - With a disability, 16 to 64 years, Men",2014,M08,2014 Aug,2270
LNU02076955,"Employed - With a disability, 16 to 64 years, Men",2014,M09,2014 Sep,2264
LNU02076955,"Employed - With a disability, 16 to 64 years, Men",2014,M10,2014 Oct,2222
LNU02076955,"Employed - With a disability, 16 to 64 years, Men",2014,M11,2014 Nov,2239
LNU02076955,"Employed - With a disability, 16 to 64 years, Men",2014,M12,2014 Dec,2356
LNU02076955,"Employed - With a disability, 16 to 64 years, Men",2015,M01,2015 Jan,2220
LNU02076955,"Employed - With a disability, 16 to 64 years, Men",2015,M02,2015 Feb,2321
LNU02076955,"Employed - With a disability, 16 to 64 years, Men",2015,M03,2015 Mar,2306
LNU02076955,"Employed - With a disability, 16 to 64 years, Men",2015,M04,2015 Apr,2221
LNU02076955,"Employed - With a disability, 16 to 64 years, Men",2015,M05,2015 May,2335
LNU02076955,"Employed - With a disability, 16 to 64 years, Men",2015,M06,2015 Jun,2402
LNU02076955,"Employed - With a disability, 16 to 64 years, Men",2015,M07,2015 Jul,2265
LNU02076955,"Employed - With a disability, 16 to 64 years, Men",2015,M08,2015 Aug,2240
LNU02076955,"Employed - With a disability, 16 to 64 years, Men",2015,M09,2015 Sep,2199
LNU02076955,"Employed - With a disability, 16 to 64 years, Men",2015,M10,2015 Oct,2163
LNU02076955,"Employed - With a disability, 16 to 64 years, Men",2015,M11,2015 Nov,2101
LNU02076955,"Employed - With a disability, 16 to 64 years, Men",2015,M12,2015 Dec,2136
LNU02076955,"Employed - With a disability, 16 to 64 years, Men",2016,M01,2016 Jan,2074
LNU02076955,"Employed - With a disability, 16 to 64 years, Men",2016,M02,2016 Feb,2122
LNU02076955,"Employed - With a disability, 16 to 64 years, Men",2016,M03,2016 Mar,2233
LNU02076955,"Employed - With a disability, 16 to 64 years, Men",2016,M04,2016 Apr,2329
LNU02076955,"Employed - With a disability, 16 to 64 years, Men",2016,M05,2016 May,2517
LNU02076955,"Employed - With a disability, 16 to 64 years, Men",2016,M06,2016 Jun,2507
LNU02076955,"Employed - With a disability, 16 to 64 years, Men",2016,M07,2016 Jul,2534
LNU02076955,"Employed - With a disability, 16 to 64 years, Men",2016,M08,2016 Aug,2433
LNU02076955,"Employed - With a disability, 16 to 64 years, Men",2016,M09,2016 Sep,2383
LNU02076955,"Employed - With a disability, 16 to 64 years, Men",2016,M10,2016 Oct,2406
LNU02076955,"Employed - With a disability, 16 to 64 years, Men",2016,M11,2016 Nov,2353
LNU02076955,"Employed - With a disability, 16 to 64 years, Men",2016,M12,2016 Dec,2379
LNU02076955,"Employed - With a disability, 16 to 64 years, Men",2017,M01,2017 Jan,2181
LNU02076955,"Employed - With a disability, 16 to 64 years, Men",2017,M02,2017 Feb,2298
LNU02076955,"Employed - With a disability, 16 to 64 years, Men",2017,M03,2017 Mar,2430
LNU02076955,"Employed - With a disability, 16 to 64 years, Men",2017,M04,2017 Apr,2352
LNU02076955,"Employed - With a disability, 16 to 64 years, Men",2017,M05,2017 May,2457
LNU02076955,"Employed - With a disability, 16 to 64 years, Men",2017,M06,2017 Jun,2503
LNU02076955,"Employed - With a disability, 16 to 64 years, Men",2017,M07,2017 Jul,2572
LNU02076955,"Employed - With a disability, 16 to 64 years, Men",2017,M08,2017 Aug,2544
LNU02076955,"Employed - With a disability, 16 to 64 years, Men",2017,M09,2017 Sep,2645
LNU02076955,"Employed - With a disability, 16 to 64 years, Men",2017,M10,2017 Oct,2588
LNU02076955,"Employed - With a disability, 16 to 64 years, Men",2017,M11,2017 Nov,2469
LNU02076955,"Employed - With a disability, 16 to 64 years, Men",2017,M12,2017 Dec,2509
LNU02076955,"Employed - With a disability, 16 to 64 years, Men",2018,M01,2018 Jan,2337
LNU02076955,"Employed - With a disability, 16 to 64 years, Men",2018,M02,2018 Feb,2488
LNU02076955,"Employed - With a disability, 16 to 64 years, Men",2018,M03,2018 Mar,2624
LNU02076955,"Employed - With a disability, 16 to 64 years, Men",2018,M04,2018 Apr,2474
LNU02076955,"Employed - With a disability, 16 to 64 years, Men",2018,M05,2018 May,2362
LNU02076955,"Employed - With a disability, 16 to 64 years, Men",2018,M06,2018 Jun,2391
LNU02076955,"Employed - With a disability, 16 to 64 years, Men",2018,M07,2018 Jul,2343
LNU02076955,"Employed - With a disability, 16 to 64 years, Men",2018,M08,2018 Aug,2429
LNU02076955,"Employed - With a disability, 16 to 64 years, Men",2018,M09,2018 Sep,2589
LNU02076955,"Employed - With a disability, 16 to 64 years, Men",2018,M10,2018 Oct,2520
LNU02076955,"Employed - With a disability, 16 to 64 years, Men",2018,M11,2018 Nov,2460
LNU02076955,"Employed - With a disability, 16 to 64 years, Men",2018,M12,2018 Dec,2469
LNU02076955,"Employed - With a disability, 16 to 64 years, Men",2019,M01,2019 Jan,2387
LNU02076955,"Employed - With a disability, 16 to 64 years, Men",2019,M02,2019 Feb,2519
LNU02076955,"Employed - With a disability, 16 to 64 years, Men",2019,M03,2019 Mar,2623
LNU02076955,"Employed - With a disability, 16 to 64 years, Men",2019,M04,2019 Apr,2522
LNU02076955,"Employed - With a disability, 16 to 64 years, Men",2019,M05,2019 May,2514
LNU02076955,"Employed - With a disability, 16 to 64 years, Men",2019,M06,2019 Jun,2472
LNU02076955,"Employed - With a disability, 16 to 64 years, Men",2019,M07,2019 Jul,2402
LNU02076955,"Employed - With a disability, 16 to 64 years, Men",2019,M08,2019 Aug,2506
LNU02076955,"Employed - With a disability, 16 to 64 years, Men",2019,M09,2019 Sep,2458
LNU02076955,"Employed - With a disability, 16 to 64 years, Men",2019,M10,2019 Oct,2460
LNU02076955,"Employed - With a disability, 16 to 64 years, Men",2019,M11,2019 Nov,2671
LNU02076955,"Employed - With a disability, 16 to 64 years, Men",2019,M12,2019 Dec,2445
LNU02076955,"Employed - With a disability, 16 to 64 years, Men",2020,M01,2020 Jan,2408
LNU02076955,"Employed - With a disability, 16 to 64 years, Men",2020,M02,2020 Feb,2483
LNU02076955,"Employed - With a disability, 16 to 64 years, Men",2020,M03,2020 Mar,2442
LNU02076955,"Employed - With a disability, 16 to 64 years, Men",2020,M04,2020 Apr,2096
LNU02076955,"Employed - With a disability, 16 to 64 years, Men",2020,M05,2020 May,2249
LNU02076955,"Employed - With a disability, 16 to 64 years, Men",2020,M06,2020 Jun,2244
LNU02076955,"Employed - With a disability, 16 to 64 years, Men",2020,M07,2020 Jul,2256
LNU02076955,"Employed - With a disability, 16 to 64 years, Men",2020,M08,2020 Aug,2281
LNU02076955,"Employed - With a disability, 16 to 64 years, Men",2020,M09,2020 Sep,2259
LNU02076955,"Employed - With a disability, 16 to 64 years, Men",2020,M10,2020 Oct,2340
LNU02076955,"Employed - With a disability, 16 to 64 years, Men",2020,M11,2020 Nov,2380
LNU02076955,"Employed - With a disability, 16 to 64 years, Men",2020,M12,2020 Dec,2304
LNU02375409,"Employment-population ratio - With no disability, Men",2010,A01,2010 Annual,68.6
LNU02375409,"Employment-population ratio - With no disability, Men",2011,A01,2011 Annual,69.1
LNU02375409,"Employment-population ratio - With no disability, Men",2012,A01,2012 Annual,69.7
LNU02375409,"Employment-population ratio - With no disability, Men",2013,A01,2013 Annual,69.9
LNU02375409,"Employment-population ratio - With no disability, Men",2014,A01,2014 Annual,70.6
LNU02375409,"Employment-population ratio - With no disability, Men",2015,A01,2015 Annual,71.1
LNU02375409,"Employment-population ratio - With no disability, Men",2016,A01,2016 Annual,71.5
LNU02375409,"Employment-population ratio - With no disability, Men",2017,A01,2017 Annual,71.7
LNU02375409,"Employment-population ratio - With no disability, Men",2018,A01,2018 Annual,71.9
LNU02375409,"Employment-population ratio - With no disability, Men",2019,A01,2019 Annual,72.2
LNU02375409,"Employment-population ratio - With no disability, Men",2020,A01,2020 Annual,67.6
LNU02375630,"Employment-population ratio - With a disability, Men",2010,A01,2010 Annual,21.9
LNU02375630,"Employment-population ratio - With a disability, Men",2011,A01,2011 Annual,21.1
LNU02375630,"Employment-population ratio - With a disability, Men",2012,A01,2012 Annual,21.4
LNU02375630,"Employment-population ratio - With a disability, Men",2013,A01,2013 Annual,20.9
LNU02375630,"Employment-population ratio - With a disability, Men",2014,A01,2014 Annual,20
LNU02375630,"Employment-population ratio - With a disability, Men",2015,A01,2015 Annual,20.4
LNU02375630,"Employment-population ratio - With a disability, Men",2016,A01,2016 Annual,21.3
LNU02375630,"Employment-population ratio - With a disability, Men",2017,A01,2017 Annual,22
LNU02375630,"Employment-population ratio - With a disability, Men",2018,A01,2018 Annual,22.3
LNU02375630,"Employment-population ratio - With a disability, Men",2019,A01,2019 Annual,22.5
LNU02375630,"Employment-population ratio - With a disability, Men",2020,A01,2020 Annual,21
LNU03075409,"Unemployed - With no disability, Men",2010,A01,2010 Annual,8148
LNU03075409,"Unemployed - With no disability, Men",2011,A01,2011 Annual,7202
LNU03075409,"Unemployed - With no disability, Men",2012,A01,2012 Annual,6352
LNU03075409,"Unemployed - With no disability, Men",2013,A01,2013 Annual,5899
LNU03075409,"Unemployed - With no disability, Men",2014,A01,2014 Annual,4801
LNU03075409,"Unemployed - With no disability, Men",2015,A01,2015 Annual,4159
LNU03075409,"Unemployed - With no disability, Men",2016,A01,2016 Annual,3852
LNU03075409,"Unemployed - With no disability, Men",2017,A01,2017 Annual,3435
LNU03075409,"Unemployed - With no disability, Men",2018,A01,2018 Annual,3131
LNU03075409,"Unemployed - With no disability, Men",2019,A01,2019 Annual,2973
LNU03075409,"Unemployed - With no disability, Men",2020,A01,2020 Annual,6242
LNU03075630,"Unemployed - With a disability, Men",2010,A01,2010 Annual,477
LNU03075630,"Unemployed - With a disability, Men",2011,A01,2011 Annual,482
LNU03075630,"Unemployed - With a disability, Men",2012,A01,2012 Annual,420
LNU03075630,"Unemployed - With a disability, Men",2013,A01,2013 Annual,415
LNU03075630,"Unemployed - With a disability, Men",2014,A01,2014 Annual,389
LNU03075630,"Unemployed - With a disability, Men",2015,A01,2015 Annual,331
LNU03075630,"Unemployed - With a disability, Men",2016,A01,2016 Annual,334
LNU03075630,"Unemployed - With a disability, Men",2017,A01,2017 Annual,309
LNU03075630,"Unemployed - With a disability, Men",2018,A01,2018 Annual,267
LNU03075630,"Unemployed - With a disability, Men",2019,A01,2019 Annual,254
LNU03075630,"Unemployed - With a disability, Men",2020,A01,2020 Annual,402
LNU03076940,"Unemployed - With no disability, 16 to 64 years, Men",2010,M01,2010 Jan,9261
LNU03076940,"Unemployed - With no disability, 16 to 64 years, Men",2010,M02,2010 Feb,9193
LNU03076940,"Unemployed - With no disability, 16 to 64 years, Men",2010,M03,2010 Mar,8956
LNU03076940,"Unemployed - With no disability, 16 to 64 years, Men",2010,M04,2010 Apr,7989
LNU03076940,"Unemployed - With no disability, 16 to 64 years, Men",2010,M05,2010 May,7582
LNU03076940,"Unemployed - With no disability, 16 to 64 years, Men",2010,M06,2010 Jun,7888
LNU03076940,"Unemployed - With no disability, 16 to 64 years, Men",2010,M07,2010 Jul,7609
LNU03076940,"Unemployed - With no disability, 16 to 64 years, Men",2010,M08,2010 Aug,7360
LNU03076940,"Unemployed - With no disability, 16 to 64 years, Men",2010,M09,2010 Sep,7247
LNU03076940,"Unemployed - With no disability, 16 to 64 years, Men",2010,M10,2010 Oct,7012
LNU03076940,"Unemployed - With no disability, 16 to 64 years, Men",2010,M11,2010 Nov,7434
LNU03076940,"Unemployed - With no disability, 16 to 64 years, Men",2010,M12,2010 Dec,7584
LNU03076940,"Unemployed - With no disability, 16 to 64 years, Men",2011,M01,2011 Jan,8171
LNU03076940,"Unemployed - With no disability, 16 to 64 years, Men",2011,M02,2011 Feb,7897
LNU03076940,"Unemployed - With no disability, 16 to 64 years, Men",2011,M03,2011 Mar,7557
LNU03076940,"Unemployed - With no disability, 16 to 64 years, Men",2011,M04,2011 Apr,6920
LNU03076940,"Unemployed - With no disability, 16 to 64 years, Men",2011,M05,2011 May,6784
LNU03076940,"Unemployed - With no disability, 16 to 64 years, Men",2011,M06,2011 Jun,7124
LNU03076940,"Unemployed - With no disability, 16 to 64 years, Men",2011,M07,2011 Jul,6942
LNU03076940,"Unemployed - With no disability, 16 to 64 years, Men",2011,M08,2011 Aug,6725
LNU03076940,"Unemployed - With no disability, 16 to 64 years, Men",2011,M09,2011 Sep,6443
LNU03076940,"Unemployed - With no disability, 16 to 64 years, Men",2011,M10,2011 Oct,6519
LNU03076940,"Unemployed - With no disability, 16 to 64 years, Men",2011,M11,2011 Nov,6267
LNU03076940,"Unemployed - With no disability, 16 to 64 years, Men",2011,M12,2011 Dec,6501
LNU03076940,"Unemployed - With no disability, 16 to 64 years, Men",2012,M01,2012 Jan,6891
LNU03076940,"Unemployed - With no disability, 16 to 64 years, Men",2012,M02,2012 Feb,6868
LNU03076940,"Unemployed - With no disability, 16 to 64 years, Men",2012,M03,2012 Mar,6622
LNU03076940,"Unemployed - With no disability, 16 to 64 years, Men",2012,M04,2012 Apr,5991
LNU03076940,"Unemployed - With no disability, 16 to 64 years, Men",2012,M05,2012 May,6056
LNU03076940,"Unemployed - With no disability, 16 to 64 years, Men",2012,M06,2012 Jun,6385
LNU03076940,"Unemployed - With no disability, 16 to 64 years, Men",2012,M07,2012 Jul,6235
LNU03076940,"Unemployed - With no disability, 16 to 64 years, Men",2012,M08,2012 Aug,5968
LNU03076940,"Unemployed - With no disability, 16 to 64 years, Men",2012,M09,2012 Sep,5554
LNU03076940,"Unemployed - With no disability, 16 to 64 years, Men",2012,M10,2012 Oct,5587
LNU03076940,"Unemployed - With no disability, 16 to 64 years, Men",2012,M11,2012 Nov,5509
LNU03076940,"Unemployed - With no disability, 16 to 64 years, Men",2012,M12,2012 Dec,5853
LNU03076940,"Unemployed - With no disability, 16 to 64 years, Men",2013,M01,2013 Jan,6665
LNU03076940,"Unemployed - With no disability, 16 to 64 years, Men",2013,M02,2013 Feb,6368
LNU03076940,"Unemployed - With no disability, 16 to 64 years, Men",2013,M03,2013 Mar,5924
LNU03076940,"Unemployed - With no disability, 16 to 64 years, Men",2013,M04,2013 Apr,5545
LNU03076940,"Unemployed - With no disability, 16 to 64 years, Men",2013,M05,2013 May,5701
LNU03076940,"Unemployed - With no disability, 16 to 64 years, Men",2013,M06,2013 Jun,5965
LNU03076940,"Unemployed - With no disability, 16 to 64 years, Men",2013,M07,2013 Jul,5774
LNU03076940,"Unemployed - With no disability, 16 to 64 years, Men",2013,M08,2013 Aug,5505
LNU03076940,"Unemployed - With no disability, 16 to 64 years, Men",2013,M09,2013 Sep,5396
LNU03076940,"Unemployed - With no disability, 16 to 64 years, Men",2013,M10,2013 Oct,5273
LNU03076940,"Unemployed - With no disability, 16 to 64 years, Men",2013,M11,2013 Nov,5072
LNU03076940,"Unemployed - With no disability, 16 to 64 years, Men",2013,M12,2013 Dec,5028
LNU03076940,"Unemployed - With no disability, 16 to 64 years, Men",2014,M01,2014 Jan,5591
LNU03076940,"Unemployed - With no disability, 16 to 64 years, Men",2014,M02,2014 Feb,5670
LNU03076940,"Unemployed - With no disability, 16 to 64 years, Men",2014,M03,2014 Mar,5254
LNU03076940,"Unemployed - With no disability, 16 to 64 years, Men",2014,M04,2014 Apr,4421
LNU03076940,"Unemployed - With no disability, 16 to 64 years, Men",2014,M05,2014 May,4521
LNU03076940,"Unemployed - With no disability, 16 to 64 years, Men",2014,M06,2014 Jun,4709
LNU03076940,"Unemployed - With no disability, 16 to 64 years, Men",2014,M07,2014 Jul,4679
LNU03076940,"Unemployed - With no disability, 16 to 64 years, Men",2014,M08,2014 Aug,4392
LNU03076940,"Unemployed - With no disability, 16 to 64 years, Men",2014,M09,2014 Sep,4057
LNU03076940,"Unemployed - With no disability, 16 to 64 years, Men",2014,M10,2014 Oct,3880
LNU03076940,"Unemployed - With no disability, 16 to 64 years, Men",2014,M11,2014 Nov,4111
LNU03076940,"Unemployed - With no disability, 16 to 64 years, Men",2014,M12,2014 Dec,4213
LNU03076940,"Unemployed - With no disability, 16 to 64 years, Men",2015,M01,2015 Jan,4832
LNU03076940,"Unemployed - With no disability, 16 to 64 years, Men",2015,M02,2015 Feb,4671
LNU03076940,"Unemployed - With no disability, 16 to 64 years, Men",2015,M03,2015 Mar,4400
LNU03076940,"Unemployed - With no disability, 16 to 64 years, Men",2015,M04,2015 Apr,3870
LNU03076940,"Unemployed - With no disability, 16 to 64 years, Men",2015,M05,2015 May,4059
LNU03076940,"Unemployed - With no disability, 16 to 64 years, Men",2015,M06,2015 Jun,4169
LNU03076940,"Unemployed - With no disability, 16 to 64 years, Men",2015,M07,2015 Jul,4000
LNU03076940,"Unemployed - With no disability, 16 to 64 years, Men",2015,M08,2015 Aug,3637
LNU03076940,"Unemployed - With no disability, 16 to 64 years, Men",2015,M09,2015 Sep,3525
LNU03076940,"Unemployed - With no disability, 16 to 64 years, Men",2015,M10,2015 Oct,3554
LNU03076940,"Unemployed - With no disability, 16 to 64 years, Men",2015,M11,2015 Nov,3611
LNU03076940,"Unemployed - With no disability, 16 to 64 years, Men",2015,M12,2015 Dec,3806
LNU03076940,"Unemployed - With no disability, 16 to 64 years, Men",2016,M01,2016 Jan,4053
LNU03076940,"Unemployed - With no disability, 16 to 64 years, Men",2016,M02,2016 Feb,4073
LNU03076940,"Unemployed - With no disability, 16 to 64 years, Men",2016,M03,2016 Mar,3984
LNU03076940,"Unemployed - With no disability, 16 to 64 years, Men",2016,M04,2016 Apr,3538
LNU03076940,"Unemployed - With no disability, 16 to 64 years, Men",2016,M05,2016 May,3414
LNU03076940,"Unemployed - With no disability, 16 to 64 years, Men",2016,M06,2016 Jun,3738
LNU03076940,"Unemployed - With no disability, 16 to 64 years, Men",2016,M07,2016 Jul,3792
LNU03076940,"Unemployed - With no disability, 16 to 64 years, Men",2016,M08,2016 Aug,3568
LNU03076940,"Unemployed - With no disability, 16 to 64 years, Men",2016,M09,2016 Sep,3601
LNU03076940,"Unemployed - With no disability, 16 to 64 years, Men",2016,M10,2016 Oct,3555
LNU03076940,"Unemployed - With no disability, 16 to 64 years, Men",2016,M11,2016 Nov,3421
LNU03076940,"Unemployed - With no disability, 16 to 64 years, Men",2016,M12,2016 Dec,3610
LNU03076940,"Unemployed - With no disability, 16 to 64 years, Men",2017,M01,2017 Jan,4039
LNU03076940,"Unemployed - With no disability, 16 to 64 years, Men",2017,M02,2017 Feb,3945
LNU03076940,"Unemployed - With no disability, 16 to 64 years, Men",2017,M03,2017 Mar,3670
LNU03076940,"Unemployed - With no disability, 16 to 64 years, Men",2017,M04,2017 Apr,2989
LNU03076940,"Unemployed - With no disability, 16 to 64 years, Men",2017,M05,2017 May,3011
LNU03076940,"Unemployed - With no disability, 16 to 64 years, Men",2017,M06,2017 Jun,3306
LNU03076940,"Unemployed - With no disability, 16 to 64 years, Men",2017,M07,2017 Jul,3277
LNU03076940,"Unemployed - With no disability, 16 to 64 years, Men",2017,M08,2017 Aug,3230
LNU03076940,"Unemployed - With no disability, 16 to 64 years, Men",2017,M09,2017 Sep,3027
LNU03076940,"Unemployed - With no disability, 16 to 64 years, Men",2017,M10,2017 Oct,2955
LNU03076940,"Unemployed - With no disability, 16 to 64 years, Men",2017,M11,2017 Nov,2976
LNU03076940,"Unemployed - With no disability, 16 to 64 years, Men",2017,M12,2017 Dec,3071
LNU03076940,"Unemployed - With no disability, 16 to 64 years, Men",2018,M01,2018 Jan,3628
LNU03076940,"Unemployed - With no disability, 16 to 64 years, Men",2018,M02,2018 Feb,3528
LNU03076940,"Unemployed - With no disability, 16 to 64 years, Men",2018,M03,2018 Mar,3352
LNU03076940,"Unemployed - With no disability, 16 to 64 years, Men",2018,M04,2018 Apr,2923
LNU03076940,"Unemployed - With no disability, 16 to 64 years, Men",2018,M05,2018 May,2803
LNU03076940,"Unemployed - With no disability, 16 to 64 years, Men",2018,M06,2018 Jun,3127
LNU03076940,"Unemployed - With no disability, 16 to 64 years, Men",2018,M07,2018 Jul,2814
LNU03076940,"Unemployed - With no disability, 16 to 64 years, Men",2018,M08,2018 Aug,2746
LNU03076940,"Unemployed - With no disability, 16 to 64 years, Men",2018,M09,2018 Sep,2617
LNU03076940,"Unemployed - With no disability, 16 to 64 years, Men",2018,M10,2018 Oct,2669
LNU03076940,"Unemployed - With no disability, 16 to 64 years, Men",2018,M11,2018 Nov,2568
LNU03076940,"Unemployed - With no disability, 16 to 64 years, Men",2018,M12,2018 Dec,3048
LNU03076940,"Unemployed - With no disability, 16 to 64 years, Men",2019,M01,2019 Jan,3550
LNU03076940,"Unemployed - With no disability, 16 to 64 years, Men",2019,M02,2019 Feb,3247
LNU03076940,"Unemployed - With no disability, 16 to 64 years, Men",2019,M03,2019 Mar,3188
LNU03076940,"Unemployed - With no disability, 16 to 64 years, Men",2019,M04,2019 Apr,2682
LNU03076940,"Unemployed - With no disability, 16 to 64 years, Men",2019,M05,2019 May,2645
LNU03076940,"Unemployed - With no disability, 16 to 64 years, Men",2019,M06,2019 Jun,2810
LNU03076940,"Unemployed - With no disability, 16 to 64 years, Men",2019,M07,2019 Jul,2856
LNU03076940,"Unemployed - With no disability, 16 to 64 years, Men",2019,M08,2019 Aug,2714
LNU03076940,"Unemployed - With no disability, 16 to 64 years, Men",2019,M09,2019 Sep,2549
LNU03076940,"Unemployed - With no disability, 16 to 64 years, Men",2019,M10,2019 Oct,2560
LNU03076940,"Unemployed - With no disability, 16 to 64 years, Men",2019,M11,2019 Nov,2504
LNU03076940,"Unemployed - With no disability, 16 to 64 years, Men",2019,M12,2019 Dec,2664
LNU03076940,"Unemployed - With no disability, 16 to 64 years, Men",2020,M01,2020 Jan,3177
LNU03076940,"Unemployed - With no disability, 16 to 64 years, Men",2020,M02,2020 Feb,3070
LNU03076940,"Unemployed - With no disability, 16 to 64 years, Men",2020,M03,2020 Mar,3586
LNU03076940,"Unemployed - With no disability, 16 to 64 years, Men",2020,M04,2020 Apr,9680
LNU03076940,"Unemployed - With no disability, 16 to 64 years, Men",2020,M05,2020 May,8866
LNU03076940,"Unemployed - With no disability, 16 to 64 years, Men",2020,M06,2020 Jun,8008
LNU03076940,"Unemployed - With no disability, 16 to 64 years, Men",2020,M07,2020 Jul,7505
LNU03076940,"Unemployed - With no disability, 16 to 64 years, Men",2020,M08,2020 Aug,6113
LNU03076940,"Unemployed - With no disability, 16 to 64 years, Men",2020,M09,2020 Sep,5606
LNU03076940,"Unemployed - With no disability, 16 to 64 years, Men",2020,M10,2020 Oct,5145
LNU03076940,"Unemployed - With no disability, 16 to 64 years, Men",2020,M11,2020 Nov,4948
LNU03076940,"Unemployed - With no disability, 16 to 64 years, Men",2020,M12,2020 Dec,5067
LNU03076955,"Unemployed - With a disability, 16 to 64 years, Men",2010,M01,2010 Jan,458
LNU03076955,"Unemployed - With a disability, 16 to 64 years, Men",2010,M02,2010 Feb,447
LNU03076955,"Unemployed - With a disability, 16 to 64 years, Men",2010,M03,2010 Mar,472
LNU03076955,"Unemployed - With a disability, 16 to 64 years, Men",2010,M04,2010 Apr,473
LNU03076955,"Unemployed - With a disability, 16 to 64 years, Men",2010,M05,2010 May,448
LNU03076955,"Unemployed - With a disability, 16 to 64 years, Men",2010,M06,2010 Jun,428
LNU03076955,"Unemployed - With a disability, 16 to 64 years, Men",2010,M07,2010 Jul,439
LNU03076955,"Unemployed - With a disability, 16 to 64 years, Men",2010,M08,2010 Aug,439
LNU03076955,"Unemployed - With a disability, 16 to 64 years, Men",2010,M09,2010 Sep,393
LNU03076955,"Unemployed - With a disability, 16 to 64 years, Men",2010,M10,2010 Oct,439
LNU03076955,"Unemployed - With a disability, 16 to 64 years, Men",2010,M11,2010 Nov,415
LNU03076955,"Unemployed - With a disability, 16 to 64 years, Men",2010,M12,2010 Dec,401
LNU03076955,"Unemployed - With a disability, 16 to 64 years, Men",2011,M01,2011 Jan,351
LNU03076955,"Unemployed - With a disability, 16 to 64 years, Men",2011,M02,2011 Feb,425
LNU03076955,"Unemployed - With a disability, 16 to 64 years, Men",2011,M03,2011 Mar,474
LNU03076955,"Unemployed - With a disability, 16 to 64 years, Men",2011,M04,2011 Apr,418
LNU03076955,"Unemployed - With a disability, 16 to 64 years, Men",2011,M05,2011 May,464
LNU03076955,"Unemployed - With a disability, 16 to 64 years, Men",2011,M06,2011 Jun,507
LNU03076955,"Unemployed - With a disability, 16 to 64 years, Men",2011,M07,2011 Jul,472
LNU03076955,"Unemployed - With a disability, 16 to 64 years, Men",2011,M08,2011 Aug,443
LNU03076955,"Unemployed - With a disability, 16 to 64 years, Men",2011,M09,2011 Sep,479
LNU03076955,"Unemployed - With a disability, 16 to 64 years, Men",2011,M10,2011 Oct,387
LNU03076955,"Unemployed - With a disability, 16 to 64 years, Men",2011,M11,2011 Nov,394
LNU03076955,"Unemployed - With a disability, 16 to 64 years, Men",2011,M12,2011 Dec,422
LNU03076955,"Unemployed - With a disability, 16 to 64 years, Men",2012,M01,2012 Jan,376
LNU03076955,"Unemployed - With a disability, 16 to 64 years, Men",2012,M02,2012 Feb,452
LNU03076955,"Unemployed - With a disability, 16 to 64 years, Men",2012,M03,2012 Mar,440
LNU03076955,"Unemployed - With a disability, 16 to 64 years, Men",2012,M04,2012 Apr,325
LNU03076955,"Unemployed - With a disability, 16 to 64 years, Men",2012,M05,2012 May,362
LNU03076955,"Unemployed - With a disability, 16 to 64 years, Men",2012,M06,2012 Jun,332
LNU03076955,"Unemployed - With a disability, 16 to 64 years, Men",2012,M07,2012 Jul,323
LNU03076955,"Unemployed - With a disability, 16 to 64 years, Men",2012,M08,2012 Aug,362
LNU03076955,"Unemployed - With a disability, 16 to 64 years, Men",2012,M09,2012 Sep,389
LNU03076955,"Unemployed - With a disability, 16 to 64 years, Men",2012,M10,2012 Oct,390
LNU03076955,"Unemployed - With a disability, 16 to 64 years, Men",2012,M11,2012 Nov,398
LNU03076955,"Unemployed - With a disability, 16 to 64 years, Men",2012,M12,2012 Dec,375
LNU03076955,"Unemployed - With a disability, 16 to 64 years, Men",2013,M01,2013 Jan,438
LNU03076955,"Unemployed - With a disability, 16 to 64 years, Men",2013,M02,2013 Feb,382
LNU03076955,"Unemployed - With a disability, 16 to 64 years, Men",2013,M03,2013 Mar,386
LNU03076955,"Unemployed - With a disability, 16 to 64 years, Men",2013,M04,2013 Apr,367
LNU03076955,"Unemployed - With a disability, 16 to 64 years, Men",2013,M05,2013 May,360
LNU03076955,"Unemployed - With a disability, 16 to 64 years, Men",2013,M06,2013 Jun,366
LNU03076955,"Unemployed - With a disability, 16 to 64 years, Men",2013,M07,2013 Jul,398
LNU03076955,"Unemployed - With a disability, 16 to 64 years, Men",2013,M08,2013 Aug,413
LNU03076955,"Unemployed - With a disability, 16 to 64 years, Men",2013,M09,2013 Sep,390
LNU03076955,"Unemployed - With a disability, 16 to 64 years, Men",2013,M10,2013 Oct,364
LNU03076955,"Unemployed - With a disability, 16 to 64 years, Men",2013,M11,2013 Nov,374
LNU03076955,"Unemployed - With a disability, 16 to 64 years, Men",2013,M12,2013 Dec,316
LNU03076955,"Unemployed - With a disability, 16 to 64 years, Men",2014,M01,2014 Jan,340
LNU03076955,"Unemployed - With a disability, 16 to 64 years, Men",2014,M02,2014 Feb,412
LNU03076955,"Unemployed - With a disability, 16 to 64 years, Men",2014,M03,2014 Mar,407
LNU03076955,"Unemployed - With a disability, 16 to 64 years, Men",2014,M04,2014 Apr,359
LNU03076955,"Unemployed - With a disability, 16 to 64 years, Men",2014,M05,2014 May,347
LNU03076955,"Unemployed - With a disability, 16 to 64 years, Men",2014,M06,2014 Jun,387
LNU03076955,"Unemployed - With a disability, 16 to 64 years, Men",2014,M07,2014 Jul,335
LNU03076955,"Unemployed - With a disability, 16 to 64 years, Men",2014,M08,2014 Aug,390
LNU03076955,"Unemployed - With a disability, 16 to 64 years, Men",2014,M09,2014 Sep,375
LNU03076955,"Unemployed - With a disability, 16 to 64 years, Men",2014,M10,2014 Oct,322
LNU03076955,"Unemployed - With a disability, 16 to 64 years, Men",2014,M11,2014 Nov,263
LNU03076955,"Unemployed - With a disability, 16 to 64 years, Men",2014,M12,2014 Dec,326
LNU03076955,"Unemployed - With a disability, 16 to 64 years, Men",2015,M01,2015 Jan,324
LNU03076955,"Unemployed - With a disability, 16 to 64 years, Men",2015,M02,2015 Feb,316
LNU03076955,"Unemployed - With a disability, 16 to 64 years, Men",2015,M03,2015 Mar,368
LNU03076955,"Unemployed - With a disability, 16 to 64 years, Men",2015,M04,2015 Apr,282
LNU03076955,"Unemployed - With a disability, 16 to 64 years, Men",2015,M05,2015 May,314
LNU03076955,"Unemployed - With a disability, 16 to 64 years, Men",2015,M06,2015 Jun,236
LNU03076955,"Unemployed - With a disability, 16 to 64 years, Men",2015,M07,2015 Jul,256
LNU03076955,"Unemployed - With a disability, 16 to 64 years, Men",2015,M08,2015 Aug,277
LNU03076955,"Unemployed - With a disability, 16 to 64 years, Men",2015,M09,2015 Sep,247
LNU03076955,"Unemployed - With a disability, 16 to 64 years, Men",2015,M10,2015 Oct,280
LNU03076955,"Unemployed - With a disability, 16 to 64 years, Men",2015,M11,2015 Nov,322
LNU03076955,"Unemployed - With a disability, 16 to 64 years, Men",2015,M12,2015 Dec,312
LNU03076955,"Unemployed - With a disability, 16 to 64 years, Men",2016,M01,2016 Jan,315
LNU03076955,"Unemployed - With a disability, 16 to 64 years, Men",2016,M02,2016 Feb,365
LNU03076955,"Unemployed - With a disability, 16 to 64 years, Men",2016,M03,2016 Mar,328
LNU03076955,"Unemployed - With a disability, 16 to 64 years, Men",2016,M04,2016 Apr,305
LNU03076955,"Unemployed - With a disability, 16 to 64 years, Men",2016,M05,2016 May,287
LNU03076955,"Unemployed - With a disability, 16 to 64 years, Men",2016,M06,2016 Jun,346
LNU03076955,"Unemployed - With a disability, 16 to 64 years, Men",2016,M07,2016 Jul,302
LNU03076955,"Unemployed - With a disability, 16 to 64 years, Men",2016,M08,2016 Aug,296
LNU03076955,"Unemployed - With a disability, 16 to 64 years, Men",2016,M09,2016 Sep,232
LNU03076955,"Unemployed - With a disability, 16 to 64 years, Men",2016,M10,2016 Oct,256
LNU03076955,"Unemployed - With a disability, 16 to 64 years, Men",2016,M11,2016 Nov,270
LNU03076955,"Unemployed - With a disability, 16 to 64 years, Men",2016,M12,2016 Dec,271
LNU03076955,"Unemployed - With a disability, 16 to 64 years, Men",2017,M01,2017 Jan,298
LNU03076955,"Unemployed - With a disability, 16 to 64 years, Men",2017,M02,2017 Feb,280
LNU03076955,"Unemployed - With a disability, 16 to 64 years, Men",2017,M03,2017 Mar,300
LNU03076955,"Unemployed - With a disability, 16 to 64 years, Men",2017,M04,2017 Apr,348
LNU03076955,"Unemployed - With a disability, 16 to 64 years, Men",2017,M05,2017 May,265
LNU03076955,"Unemployed - With a disability, 16 to 64 years, Men",2017,M06,2017 Jun,267
LNU03076955,"Unemployed - With a disability, 16 to 64 years, Men",2017,M07,2017 Jul,300
LNU03076955,"Unemployed - With a disability, 16 to 64 years, Men",2017,M08,2017 Aug,254
LNU03076955,"Unemployed - With a disability, 16 to 64 years, Men",2017,M09,2017 Sep,221
LNU03076955,"Unemployed - With a disability, 16 to 64 years, Men",2017,M10,2017 Oct,217
LNU03076955,"Unemployed - With a disability, 16 to 64 years, Men",2017,M11,2017 Nov,262
LNU03076955,"Unemployed - With a disability, 16 to 64 years, Men",2017,M12,2017 Dec,268
LNU03076955,"Unemployed - With a disability, 16 to 64 years, Men",2018,M01,2018 Jan,250
LNU03076955,"Unemployed - With a disability, 16 to 64 years, Men",2018,M02,2018 Feb,269
LNU03076955,"Unemployed - With a disability, 16 to 64 years, Men",2018,M03,2018 Mar,259
LNU03076955,"Unemployed - With a disability, 16 to 64 years, Men",2018,M04,2018 Apr,272
LNU03076955,"Unemployed - With a disability, 16 to 64 years, Men",2018,M05,2018 May,222
LNU03076955,"Unemployed - With a disability, 16 to 64 years, Men",2018,M06,2018 Jun,241
LNU03076955,"Unemployed - With a disability, 16 to 64 years, Men",2018,M07,2018 Jul,236
LNU03076955,"Unemployed - With a disability, 16 to 64 years, Men",2018,M08,2018 Aug,222
LNU03076955,"Unemployed - With a disability, 16 to 64 years, Men",2018,M09,2018 Sep,204
LNU03076955,"Unemployed - With a disability, 16 to 64 years, Men",2018,M10,2018 Oct,221
LNU03076955,"Unemployed - With a disability, 16 to 64 years, Men",2018,M11,2018 Nov,210
LNU03076955,"Unemployed - With a disability, 16 to 64 years, Men",2018,M12,2018 Dec,221
LNU03076955,"Unemployed - With a disability, 16 to 64 years, Men",2019,M01,2019 Jan,260
LNU03076955,"Unemployed - With a disability, 16 to 64 years, Men",2019,M02,2019 Feb,312
LNU03076955,"Unemployed - With a disability, 16 to 64 years, Men",2019,M03,2019 Mar,298
LNU03076955,"Unemployed - With a disability, 16 to 64 years, Men",2019,M04,2019 Apr,210
LNU03076955,"Unemployed - With a disability, 16 to 64 years, Men",2019,M05,2019 May,193
LNU03076955,"Unemployed - With a disability, 16 to 64 years, Men",2019,M06,2019 Jun,248
LNU03076955,"Unemployed - With a disability, 16 to 64 years, Men",2019,M07,2019 Jul,208
LNU03076955,"Unemployed - With a disability, 16 to 64 years, Men",2019,M08,2019 Aug,194
LNU03076955,"Unemployed - With a disability, 16 to 64 years, Men",2019,M09,2019 Sep,174
LNU03076955,"Unemployed - With a disability, 16 to 64 years, Men",2019,M10,2019 Oct,205
LNU03076955,"Unemployed - With a disability, 16 to 64 years, Men",2019,M11,2019 Nov,198
LNU03076955,"Unemployed - With a disability, 16 to 64 years, Men",2019,M12,2019 Dec,211
LNU03076955,"Unemployed - With a disability, 16 to 64 years, Men",2020,M01,2020 Jan,256
LNU03076955,"Unemployed - With a disability, 16 to 64 years, Men",2020,M02,2020 Feb,269
LNU03076955,"Unemployed - With a disability, 16 to 64 years, Men",2020,M03,2020 Mar,271
LNU03076955,"Unemployed - With a disability, 16 to 64 years, Men",2020,M04,2020 Apr,515
LNU03076955,"Unemployed - With a disability, 16 to 64 years, Men",2020,M05,2020 May,489
LNU03076955,"Unemployed - With a disability, 16 to 64 years, Men",2020,M06,2020 Jun,443
LNU03076955,"Unemployed - With a disability, 16 to 64 years, Men",2020,M07,2020 Jul,334
LNU03076955,"Unemployed - With a disability, 16 to 64 years, Men",2020,M08,2020 Aug,329
LNU03076955,"Unemployed - With a disability, 16 to 64 years, Men",2020,M09,2020 Sep,304
LNU03076955,"Unemployed - With a disability, 16 to 64 years, Men",2020,M10,2020 Oct,270
LNU03076955,"Unemployed - With a disability, 16 to 64 years, Men",2020,M11,2020 Nov,359
LNU03076955,"Unemployed - With a disability, 16 to 64 years, Men",2020,M12,2020 Dec,299
LNU04075409,"Unemployment rate - With no disability, Men",2010,A01,2010 Annual,10.3
LNU04075409,"Unemployment rate - With no disability, Men",2011,A01,2011 Annual,9.1
LNU04075409,"Unemployment rate - With no disability, Men",2012,A01,2012 Annual,8
LNU04075409,"Unemployment rate - With no disability, Men",2013,A01,2013 Annual,7.4
LNU04075409,"Unemployment rate - With no disability, Men",2014,A01,2014 Annual,6
LNU04075409,"Unemployment rate - With no disability, Men",2015,A01,2015 Annual,5.2
LNU04075409,"Unemployment rate - With no disability, Men",2016,A01,2016 Annual,4.7
LNU04075409,"Unemployment rate - With no disability, Men",2017,A01,2017 Annual,4.2
LNU04075409,"Unemployment rate - With no disability, Men",2018,A01,2018 Annual,3.8
LNU04075409,"Unemployment rate - With no disability, Men",2019,A01,2019 Annual,3.6
LNU04075409,"Unemployment rate - With no disability, Men",2020,A01,2020 Annual,7.6
LNU04075630,"Unemployment rate - With a disability, Men",2010,A01,2010 Annual,15.2
LNU04075630,"Unemployment rate - With a disability, Men",2011,A01,2011 Annual,15.3
LNU04075630,"Unemployment rate - With a disability, Men",2012,A01,2012 Annual,13.2
LNU04075630,"Unemployment rate - With a disability, Men",2013,A01,2013 Annual,13
LNU04075630,"Unemployment rate - With a disability, Men",2014,A01,2014 Annual,12.5
LNU04075630,"Unemployment rate - With a disability, Men",2015,A01,2015 Annual,10.6
LNU04075630,"Unemployment rate - With a disability, Men",2016,A01,2016 Annual,10.1
LNU04075630,"Unemployment rate - With a disability, Men",2017,A01,2017 Annual,9
LNU04075630,"Unemployment rate - With a disability, Men",2018,A01,2018 Annual,7.9
LNU04075630,"Unemployment rate - With a disability, Men",2019,A01,2019 Annual,7.4
LNU04075630,"Unemployment rate - With a disability, Men",2020,A01,2020 Annual,12
